fact,detail

"Honey never spoils","Archaeologists have found pots of honey in ancient Egyptian tombs that are over 3,000 years old and still perfectly edible. This remarkable longevity is due to honey's unique chemical composition: it's low in water content and high in acidity, creating an environment that's inhospitable to bacteria and microorganisms. Additionally, bees add an enzyme called glucose oxidase to honey, which produces hydrogen peroxide—a natural preservative. This combination of factors makes honey one of the most enduring foods known to humanity."

"Bananas are berries, but strawberries aren't","According to botanical classifications, bananas are indeed berries, while strawberries are not. In botanical terms, a berry is a fruit produced from the ovary of a single flower with seeds embedded in the flesh. Bananas fit this definition because they develop from a single ovary and contain seeds inside their flesh. On the other hand, strawberries are considered 'aggregate fruits' because they form from a single flower with multiple ovaries, each developing into tiny individual fruits (the seeds on the strawberry's surface). This distinction highlights the fascinating intricacies of plant biology and classification."

"The Eiffel Tower can grow more than six inches during the summer","The Eiffel Tower, made of iron, expands and contracts with temperature changes. In the summer, when temperatures rise, the iron heats up and expands, causing the tower to grow by as much as six inches (15 centimeters). This phenomenon is due to the thermal expansion of metals, where heat increases the kinetic energy of atoms, causing them to move apart. Conversely, in winter, the tower contracts as temperatures drop. This expansion and contraction are carefully monitored to maintain the structural integrity of the iconic monument."

"A single bolt of lightning contains enough energy to toast 100,000 slices of bread","Lightning is a powerful natural phenomenon, with a single bolt containing around 1 billion joules of energy. To put this into perspective, that's enough energy to power a 100-watt light bulb for three months or toast about 100,000 slices of bread. The immense energy in a lightning strike is generated by the rapid movement of air and water particles within storm clouds, which creates a buildup of electrical charges. When the difference in charge between the cloud and the ground becomes too great, it results in a sudden and massive discharge of electricity—lightning."

"There are more stars in the universe than grains of sand on all the world's beaches","The universe is vast, and estimating the number of stars it contains is a daunting task. However, astronomers believe there are around 100 billion galaxies in the observable universe, with each galaxy containing hundreds of billions of stars. This brings the estimated total number of stars to approximately 1 sextillion (1 followed by 21 zeros). In contrast, there are roughly 7.5 x 10^18 grains of sand on Earth's beaches. This comparison highlights the staggering scale of the universe and our place within it."

"Octopuses have three hearts","Octopuses are extraordinary creatures, and one of their most unique features is their three hearts. Two of these hearts are branchial hearts, which pump blood through the gills for oxygenation, while the third, systemic heart, circulates the oxygenated blood to the rest of the body. This specialized circulatory system is necessary because octopus blood contains hemocyanin, a copper-based molecule that is less efficient at transporting oxygen than hemoglobin, the iron-based molecule found in vertebrates. The three-heart system helps compensate for this by ensuring sufficient oxygen supply throughout their bodies."